{
  "installed": {
    "client_id": "883571925779-gem161aq7af668duj6bm5dsoanopkkq3.apps.googleusercontent.com",
    "project_id": "fahri-live-copilot-backup",
    "auth_uri": "https://accounts.google.com/o/oauth2/auth",
    "token_uri": "https://oauth2.googleapis.com/token",
    "auth_provider_x509_cert_url": "https://www.googleapis.com/oauth2/v1/certs",
    "client_secret": "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",
    "redirect_uris": [
      "http://localhost",
      "http://localhost:8080"
    ]
  }
}
